{
  "schema_version": "0.4.0",
  "name": "confabulation_centroid_gpt4omini",
  "model": "openai/gpt-4o-mini",
  "n_confab": 42,
  "n_control": 18,
  "feature_names": [
    "ent_mean",
    "ent_std",
    "ent_min",
    "ent_max",
    "lp_mean",
    "lp_std",
    "lp_min",
    "lp_max",
    "t2_mean",
    "t2_std",
    "t2_min",
    "t2_max",
    "ent_slope",
    "ent_curv",
    "ent_vol",
    "lp_slope",
    "lp_curv",
    "lp_vol",
    "t2_slope",
    "t2_curv",
    "t2_vol"
  ],
  "confab_centroid": [
    0.27444573391518323,
    0.39810339084275026,
    4.029443888456183e-08,
    1.284312551481113,
    -0.15498966588134327,
    0.2804146149040126,
    -1.0479869364450376,
    0.0,
    0.8259837662599497,
    0.27583664576528644,
    0.12374772588088477,
    0.9999999968616177,
    0.024919468541713535,
    0.5564783933941096,
    0.3117439271687505,
    -0.015885996841096314,
    0.36236173560669693,
    0.2026272520873622,
    -0.015345304754916337,
    0.3815233591818582,
    0.2114800313212259
  ],
  "confab_sigma": [
    0.11399526955801291,
    0.10777529624416415,
    7.507527792931665e-08,
    0.28484568857642095,
    0.07758045349944279,
    0.11141787711172853,
    0.46215880994440184,
    0.0,
    0.07879734054421793,
    0.07981012099727218,
    0.181726523111425,
    5.867638058595707e-09,
    0.012904478559638362,
    0.20966186484362798,
    0.11127258462356698,
    0.009832553755413045,
    0.1559167299193321,
    0.086693715215559,
    0.008870413171384109,
    0.14720907914124867,
    0.07845081036615821
  ],
  "control_centroid": [
    0.12347486695120409,
    0.23776733797266564,
    4.5634439062007795e-07,
    0.8791152732122942,
    -0.05921520942294652,
    0.1359521460002586,
    -0.5561484384040037,
    -3.0623536102009694e-08,
    0.9182487789640366,
    0.17794053638405544,
    0.3190553057464164,
    0.9999999426726313,
    0.0043282251615523425,
    0.32361723406924753,
    0.17709398923093533,
    -0.001729724958395103,
    0.16968398665460718,
    0.09270288819739639,
    -0.0028427536439989986,
    0.22730984602671983,
    0.1249284345430542
  ],
  "control_sigma": [
    0.09987650598282714,
    0.10752850987385067,
    1.8932959675619844e-06,
    0.3515098533925862,
    0.05346395179817482,
    0.07974000543180818,
    0.31951028329550163,
    1.2992466024985265e-07,
    0.06393934640275872,
    0.07979717381629813,
    0.25753428756385544,
    2.401935155196344e-07,
    0.0065786193865928376,
    0.18950691381443213,
    0.11279474623292975,
    0.0038497930362815388,
    0.13362155399613973,
    0.0755698544596279,
    0.005388607500565226,
    0.14538613045332838,
    0.08262960881566248
  ],
  "pooled_sigma": [
    0.10716864730167526,
    0.1076519737770937,
    1.3398145241306043e-06,
    0.31991892983430414,
    0.06662252211923819,
    0.09688243340861397,
    0.3972893068915884,
    9.187060830602908e-08,
    0.07175395771402936,
    0.07980364766935068,
    0.22287713933150463,
    1.6989313416684551e-07,
    0.010242162855808857,
    0.19983864485276406,
    0.11203625053204855,
    0.00746659292365966,
    0.14519770377158386,
    0.08132220840866838,
    0.00733898223959605,
    0.1463004441377514,
    0.08056730695553974
  ],
  "effect_sizes_d": [
    1.4087223340516979,
    1.4893925976878009,
    0.3105280202910831,
    1.2665623709065381,
    1.4375687592100408,
    1.4911110695833287,
    1.2379857436617236,
    0.3333333333333333,
    1.2858525946652715,
    1.2267122147955263,
    0.876301537480852,
    0.3189592485589806,
    2.010438973686387,
    1.1652458887340242,
    1.2018425937888544,
    1.8959479949474312,
    1.3270027276409178,
    1.3517139541705885,
    1.7035810556213447,
    1.0540877990085684,
    1.0742769002560097
  ]
}