{
  "n_concepts": 120,
  "models": [
    "Qwen-1.5B",
    "Qwen-3B",
    "Llama-1B",
    "Llama-3B",
    "Phi-3.5",
    "gemma-2-2b",
    "Qwen-0.5B",
    "pythia-70m",
    "pythia-160m",
    "pythia-410m",
    "gpt2",
    "gpt2-large",
    "gpt2-xl"
  ],
  "per_model": {
    "Qwen-1.5B": {
      "human": 0.671,
      "convergence": 0.803,
      "reliability": 0.903,
      "params": 1540000000.0,
      "log10_params": 9.187520720836464,
      "instruct": true
    },
    "Qwen-3B": {
      "human": 0.667,
      "convergence": 0.794,
      "reliability": 0.891,
      "params": 3090000000.0,
      "log10_params": 9.489958479424836,
      "instruct": true
    },
    "Llama-1B": {
      "human": 0.737,
      "convergence": 0.812,
      "reliability": 0.971,
      "params": 1240000000.0,
      "log10_params": 9.093421685162236,
      "instruct": true
    },
    "Llama-3B": {
      "human": 0.701,
      "convergence": 0.814,
      "reliability": 0.971,
      "params": 3210000000.0,
      "log10_params": 9.506505032404872,
      "instruct": true
    },
    "Phi-3.5": {
      "human": 0.67,
      "convergence": 0.809,
      "reliability": 0.844,
      "params": 3800000000.0,
      "log10_params": 9.57978359661681,
      "instruct": true
    },
    "gemma-2-2b": {
      "human": 0.457,
      "convergence": 0.676,
      "reliability": 0.935,
      "params": 2600000000.0,
      "log10_params": 9.414973347970818,
      "instruct": true
    },
    "Qwen-0.5B": {
      "human": 0.704,
      "convergence": 0.797,
      "reliability": 0.854,
      "params": 494000000.0,
      "log10_params": 8.693726948923647,
      "instruct": false
    },
    "pythia-70m": {
      "human": 0.622,
      "convergence": 0.706,
      "reliability": 0.954,
      "params": 70000000.0,
      "log10_params": 7.845098040014257,
      "instruct": false
    },
    "pythia-160m": {
      "human": 0.7,
      "convergence": 0.808,
      "reliability": 0.967,
      "params": 160000000.0,
      "log10_params": 8.204119982655925,
      "instruct": false
    },
    "pythia-410m": {
      "human": 0.716,
      "convergence": 0.828,
      "reliability": 0.969,
      "params": 410000000.0,
      "log10_params": 8.612783856719735,
      "instruct": false
    },
    "gpt2": {
      "human": 0.181,
      "convergence": 0.364,
      "reliability": 0.42,
      "params": 124000000.0,
      "log10_params": 8.093421685162236,
      "instruct": false
    },
    "gpt2-large": {
      "human": 0.741,
      "convergence": 0.81,
      "reliability": 0.983,
      "params": 774000000.0,
      "log10_params": 8.888740960682892,
      "instruct": false
    },
    "gpt2-xl": {
      "human": 0.744,
      "convergence": 0.809,
      "reliability": 0.982,
      "params": 1558000000.0,
      "log10_params": 9.192567453336546,
      "instruct": false
    }
  },
  "rho_conv_human_raw": 0.808,
  "rho_partial_reliability": 0.599,
  "rho_partial_reliability_and_size": 0.6,
  "rho_human_reliability": 0.764,
  "rho_conv_reliability": 0.692,
  "consensus_human": 0.688,
  "best_single_human": 0.744,
  "consensus_strong_only_human": 0.735,
  "verdict": "SURVIVES: convergence still predicts human-alignment after removing reliability (raw 0.81 -> partial 0.60); convergence is human-specific."
}