{
  "preregistration_lock_hash": "TBD-after-operator-signs",
  "scoring_code_file": "scripts/drift_axis_scorer.py",
  "scoring_code_sha256": "e2d5bc47570a454c48a3d5556de4665569621b333fc5229b95ffc96bf34007fb",
  "providers": {
    "openai": {
      "coop": {
        "provider": "text-embedding-3-large",
        "n_conversations": 20,
        "n_valid": 20,
        "per_conversation_daa": [
          0.8632102277547231,
          0.8487127291597236,
          0.906387237213798,
          0.8845420719306587,
          0.7165378420694608,
          0.7884582847728274,
          0.8080017188215092,
          0.5866724356084343,
          0.6654153705008622,
          0.7990430850532598,
          0.7117206888558905,
          0.6671248636795759,
          0.8991938012731879,
          0.7099450479209845,
          0.846296165144026,
          0.8611616318670907,
          0.6684603355068983,
          0.7549141774925324,
          0.8974730672883151,
          0.7631411369687131
        ],
        "median": 0.7937506849130436,
        "mean": 0.7823205959441235,
        "bootstrap_ci_95": [
          0.7141292654626756,
          0.8549371805134072
        ],
        "null_distribution_size": 5000,
        "permutation_pvalue": 0.0001999600079984003,
        "transcript_paths": [
          "papers\\cooperative-agent-regime\\N20_coop_corpus\\conv1_transcript.json",
          "papers\\cooperative-agent-regime\\N20_coop_corpus\\conv2_transcript.json",
          "papers\\cooperative-agent-regime\\N20_coop_corpus\\conv3_transcript.json",
          "papers\\cooperative-agent-regime\\N20_coop_corpus\\conv4_transcript.json",
          "papers\\cooperative-agent-regime\\N20_coop_corpus\\conv5_transcript.json",
          "papers\\cooperative-agent-regime\\N20_coop_corpus\\conv6_transcript.json",
          "papers\\cooperative-agent-regime\\N20_coop_corpus\\conv7_transcript.json",
          "papers\\cooperative-agent-regime\\N20_coop_corpus\\conv8_transcript.json",
          "papers\\cooperative-agent-regime\\N20_coop_corpus\\conv9_transcript.json",
          "papers\\cooperative-agent-regime\\N20_coop_corpus\\conv10_transcript.json",
          "papers\\cooperative-agent-regime\\N20_coop_corpus\\conv11_transcript.json",
          "papers\\cooperative-agent-regime\\N20_coop_corpus\\conv12_transcript.json",
          "papers\\cooperative-agent-regime\\N20_coop_corpus\\conv13_transcript.json",
          "papers\\cooperative-agent-regime\\N20_coop_corpus\\conv14_transcript.json",
          "papers\\cooperative-agent-regime\\N20_coop_corpus\\conv15_transcript.json",
          "papers\\cooperative-agent-regime\\N20_coop_corpus\\conv16_transcript.json",
          "papers\\cooperative-agent-regime\\N20_coop_corpus\\conv17_transcript.json",
          "papers\\cooperative-agent-regime\\N20_coop_corpus\\conv18_transcript.json",
          "papers\\cooperative-agent-regime\\N20_coop_corpus\\conv19_transcript.json",
          "papers\\cooperative-agent-regime\\N20_coop_corpus\\conv20_transcript.json"
        ]
      },
      "noncoop": {
        "provider": "text-embedding-3-large",
        "n_conversations": 20,
        "n_valid": 20,
        "per_conversation_daa": [
          0.5227381742383106,
          0.3398334036197251,
          0.42462920698356743,
          0.33521299132286536,
          0.5570361464930529,
          0.5827547816535132,
          0.3405096071487491,
          0.13486379072553187,
          0.5518753219513138,
          0.27661127854831824,
          0.3349212888225968,
          0.24983422588194312,
          0.20284837677796436,
          0.3537906715525536,
          0.2923147353443439,
          0.3308224142141519,
          0.32621047309333295,
          0.3404645720737832,
          0.3396815460907576,
          0.21046605636568075
        ],
        "median": 0.3374472687068115,
        "mean": 0.3523709531451028,
        "bootstrap_ci_95": [
          0.30926260421883844,
          0.34715013935065137
        ],
        "null_distribution_size": 5000,
        "permutation_pvalue": 0.0001999600079984003,
        "transcript_paths": [
          "papers\\cooperative-agent-regime\\N20_noncoop_corpus\\conv1_transcript.json",
          "papers\\cooperative-agent-regime\\N20_noncoop_corpus\\conv2_transcript.json",
          "papers\\cooperative-agent-regime\\N20_noncoop_corpus\\conv3_transcript.json",
          "papers\\cooperative-agent-regime\\N20_noncoop_corpus\\conv4_transcript.json",
          "papers\\cooperative-agent-regime\\N20_noncoop_corpus\\conv5_transcript.json",
          "papers\\cooperative-agent-regime\\N20_noncoop_corpus\\conv6_transcript.json",
          "papers\\cooperative-agent-regime\\N20_noncoop_corpus\\conv7_transcript.json",
          "papers\\cooperative-agent-regime\\N20_noncoop_corpus\\conv8_transcript.json",
          "papers\\cooperative-agent-regime\\N20_noncoop_corpus\\conv9_transcript.json",
          "papers\\cooperative-agent-regime\\N20_noncoop_corpus\\conv10_transcript.json",
          "papers\\cooperative-agent-regime\\N20_noncoop_corpus\\conv11_transcript.json",
          "papers\\cooperative-agent-regime\\N20_noncoop_corpus\\conv12_transcript.json",
          "papers\\cooperative-agent-regime\\N20_noncoop_corpus\\conv13_transcript.json",
          "papers\\cooperative-agent-regime\\N20_noncoop_corpus\\conv14_transcript.json",
          "papers\\cooperative-agent-regime\\N20_noncoop_corpus\\conv15_transcript.json",
          "papers\\cooperative-agent-regime\\N20_noncoop_corpus\\conv16_transcript.json",
          "papers\\cooperative-agent-regime\\N20_noncoop_corpus\\conv17_transcript.json",
          "papers\\cooperative-agent-regime\\N20_noncoop_corpus\\conv18_transcript.json",
          "papers\\cooperative-agent-regime\\N20_noncoop_corpus\\conv19_transcript.json",
          "papers\\cooperative-agent-regime\\N20_noncoop_corpus\\conv20_transcript.json"
        ]
      }
    },
    "bge": {
      "coop": {
        "provider": "BAAI/bge-large-en-v1.5",
        "n_conversations": 20,
        "n_valid": 20,
        "per_conversation_daa": [
          0.8781173229458838,
          0.8766279584946273,
          0.9046734620503979,
          0.8971352352628946,
          0.45103975373576516,
          0.6269557417279722,
          0.6758128841054898,
          0.5023308694530173,
          0.7764048578184708,
          0.7913608000888003,
          0.6376158591895624,
          0.6439523710316241,
          0.8539218155167974,
          0.7365173257238161,
          0.8054505413034921,
          0.891061959393159,
          0.6606726588432241,
          0.7676707463716888,
          0.8789488620978202,
          0.7159102771840704
        ],
        "median": 0.7720378020950798,
        "mean": 0.7486090651169287,
        "bootstrap_ci_95": [
          0.6606726588432241,
          0.8652748870057123
        ],
        "null_distribution_size": 5000,
        "permutation_pvalue": 0.0001999600079984003,