{
 "constants": {
  "pi_true": 0.35,
  "alphas": [
   0.15,
   0.2,
   0.1,
   0.18
  ],
  "betas": [
   0.85,
   0.8,
   0.9,
   0.78
  ],
  "n_real": 6000,
  "n_anchor": 400,
  "seed": 0,
  "bars": {
   "pi_tol_good": 0.03,
   "alpha_tol": 0.03,
   "gate": 0.15,
   "s_tol": 0.03,
   "s_null": 0.02,
   "detector_trip": 0.8
  }
 },
 "results": {
  "R1": {
   "ds": {
    "pi": 0.3470132374837788,
    "alpha": [
     0.1508694836587004,
     0.20005464510185433,
     0.10383400828369058,
     0.18798627229573278
    ],
    "beta": [
     0.8467041769560345,
     0.8069825625841439,
     0.911678286547249,
     0.7811828388884573
    ]
   },
   "mv": {
    "pi": 0.31133333333333335
   },
   "anchored": {
    "pi": 0.35223065377922264,
    "ci": [
     0.331033405863914,
     0.3776546314635218
    ],
    "verdict": "ESTIMATED",
    "lack_of_fit": {
     "chi2_per_df": 2.160505472921252,
     "n_moments": 10,
     "implied_pi_min": 0.32492211838006224,
     "implied_pi_max": 0.3659531090723751,
     "implied_pi_spread": 0.04103099069231286
    }
   }
  },
  "R2_sweep": [
   {
    "rho": 0.15,
    "ds_pi": 0.3746416051037484,
    "ds_err": 0.02464160510374841,
    "anchored_pi": 0.33414074321091886,
    "anchored_err": 0.015859256789081122,
    "anchored_ci": [
     0.29850584021972326,
     0.3754303549718701
    ],
    "ci_covers": true,
    "realized_alpha": [
     0.2372752595593821,
     0.26209166877690554,
     0.17523423651557357,
     0.2636110407698151
    ],
    "anchored_alpha_err": 0.017265763484426433,
    "anchored_alpha_transfer_ok": true,
    "ds_alpha_err": 0.06230294905507994,
    "informativeness": 0.4575,
    "corr_detected": true,
    "cov_neg_offdiag": [
     0.023872180451127798,
     0.01721177944862154,
     0.012456140350877195,
     0.029636591478696753,
     0.03834586466165414,
     0.048145363408521304
    ]
   },
   {
    "rho": 0.3,
    "ds_pi": 0.4230854191681558,
    "ds_err": 0.07308541916815581,
    "anchored_pi": 0.30662698282894346,
    "anchored_err": 0.043373017171056516,
    "anchored_ci": [
     0.25557541591737826,
     0.354986302058609
    ],
    "ci_covers": true,
    "realized_alpha": [
     0.28025316455696203,
     0.33139240506329115,
     0.2518987341772152,
     0.2977215189873418
    ],
    "anchored_alpha_err": 0.02224683544303796,
    "anchored_alpha_transfer_ok": true,
    "ds_alpha_err": 0.12474478995745436,
    "informativeness": 0.295,
    "corr_detected": true,
    "cov_neg_offdiag": [
     0.031472431077694214,
     0.04419172932330832,
     0.02127819548872178,
     0.04348997493734336,
     0.026390977443609024,
     0.027142857142857118
    ]
   },
   {
    "rho": 0.45,
    "ds_pi": 0.477657575439579,
    "ds_err": 0.127657575439579,
    "anchored_pi": 0.39261150738136213,
    "anchored_err": 0.04261150738136216,
    "anchored_ci": [
     0.30374929320050437,
     0.4832037430837466
    ],
    "ci_covers": true,
    "realized_alpha": [
     0.36963269529229176,
     0.4073978272115882,
     0.3287635799275737,
     0.3792033109156751
    ],
    "anchored_alpha_err": 0.018763579927573715,
    "anchored_alpha_transfer_ok": true,
    "ds_alpha_err": 0.1809384959805522,
    "informativeness": 0.1825,
    "corr_detected": true,
    "cov_neg_offdiag": [
     0.047399749373433574,
     0.040225563909774435,
     0.04028822055137844,
     0.05882205513784455,
     0.03635338345864667,
     0.049473684210526316
    ]
   }
  ],
  "R3_sweep": [
   {
    "sync": 0.08,
    "ds_pi": 0.388634999127912,
    "ds_err": 0.03863499912791202,
    "anchored_verdict": "ESTIMATED",
    "anchored_pi": 0.4323057567403998,
    "anchored_err": 0.0823057567403998,
    "sync_corrected": {
     "verdict": "ESTIMATED",
     "pi": 0.3555832086189043,
     "ci": [
      0.3128753936726863,
      0.4004784200304874
     ],
     "s": 0.074,
     "s_ci": [
      0.034,
      0.114
     ],
     "lack_of_fit": {
      "chi2_per_df": 1.3053287165415446,
      "n_moments": 11
     }
    },
    "garbage": {
     "fire_rate": [
      0.8275,
      0.83,
      0.82,
      0.83
     ],
     "z_vs_inert_alpha": [
      25.532495523558605,
      23.261672908168546,
      30.002318937097833,
      24.194684338915955
     ],
     "all_fire_rate": 0.8,
     "master_key_detected": true
    },
    "lack_of_fit": {
     "chi2_per_df": 2.411948038973146,
     "n_moments": 10,
     "implied_pi_min": 0.4138271604938271,
     "implied_pi_max": 0.44890510948905105,
     "implied_pi_spread": 0.03507794899522393
    }
   },
   {
    "sync": 0.15,
    "ds_pi": 0.4268545946486976,
    "ds_err": 0.07685459464869765,
    "anchored_verdict": "ESTIMATED",
    "anchored_pi": 0.5118554515367725,
    "anchored_err": 0.1618554515367725,
    "sync_corrected": {
     "verdict": "ESTIMATED",
     "pi": 0.32129036253941684,
     "ci": [
      0.26735431996104736,
      0.36812998317229345
     ],
     "s": 0.178,
     "s_ci": [
      0.14200000000000002,
      0.21904999999999997
     ],
     "lack_of_fit": {
      "chi2_per_df": 0.6818869568330815,
      "n_moments": 11
     }
    },
    "garbage": {
     "fire_rate": [
      0.8475,
      0.8425,
      0.8225,
      0.8275
     ],
     "z_vs_inert_alpha": [
      27.339780731125774,
      23.149955950106886,
      29.74524815160074,
      25.708101761416817
     ],
     "all_fire_rate": 0.8,
     "master_key_detected": true
    },
    "lack_of_fit": {
     "chi2_per_df": 10.396495885437435,
     "n_moments": 10,
     "implied_pi_min": 0.46203995793901154,
     "implied_pi_max": 0.558530183727034,
     "implied_pi_spread": 0.09649022578802247
    }
   }
  ],
  "R4": {
   "anchored": {
    "verdict": "VOID_PANEL__uninformative",
    "pi": null,
    "kept": [
     false,
     false,
     false,
     false
    ]
   }
  },
  "R5": {
   "anchored_pi": 0.2948164239078639,
   "err": 0.05518357609213609,
   "bound": 0.16666666666666666,
   "naive_bias": 0.04166666666666663,
   "licensing_says_correct": false
  },
  "R6": {
   "true_correlated": {
    "pi": 0.45,
    "alpha": [
     0.15,
     0.18,
     0.12
    ],
    "beta": [
     0.85,
     0.8,
     0.9
    ],
    "rho_shared": 0.35
   },
   "equivalent_independent": {
    "pi": 0.45572414203577055,
    "alpha": [
     0.19639838869381931,
     0.218573075320584,
     0.17650135071713488
    ],
    "beta": [
     0.7923216375544517,
     0.7569347771681867,
     0.8249882795919024
    ]
   },
   "max_cell_gap": 2.7755575615628914e-17,
   "alpha_discrepancy": 0.056501350717134885,
   "pi_discrepancy": 0.005724142035770541,
   "witness_holds": true
  },
  "R7": {
   "control_lack_of_fit": {
    "chi2_per_df": 2.160505472921252,
    "n_moments": 10,
    "implied_pi_min": 0.32492211838006224,
    "implied_pi_max": 0.3659531090723751,
    "implied_pi_spread": 0.04103099069231286
   },
   "fixtures": {
    "R7a_uniform_channel_gain": {
     "note": "organic betas 0.10 below anchor betas",
     "verdict": "ESTIMATED",
     "pi": 0.28702039531361484,
     "pi_unclipped": 0.28702039531361484,
     "ci": [
      0.26742352883572723,
      0.30532083367087637
     ],
     "ci_unclipped": [
      0.26742352883572723,
      0.30532083367087637
     ],
     "kept": [
      true,
      true,
      true,
      true
     ],
     "lack_of_fit": {
      "chi2_per_df": 4.97605075044547,
      "n_moments": 10,
      "implied_pi_min": 0.26666666666666666,
      "implied_pi_max": 0.3284237726098192,
      "implied_pi_spread": 0.061757105943152535
     },
     "garbage": null,
     "err": 0.06297960468638514
    },
    "R7b_one_of_J_specialist": {
     "note": "judge 0 organic beta == alpha",
     "verdict": "ESTIMATED",
     "pi": 0.13062274694953335,
     "pi_unclipped": 0.13062274694953335,
     "ci": [
      0.11140946987921473,
      0.15108742234675773
     ],
     "ci_unclipped": [
      0.11140946987921473,
      0.15108742234675773
     ],
     "kept": [
      true,
      true,
      true,
      true
     ],
     "lack_of_fit": {
      "chi2_per_df": 636.4179608606257,