{
  "config": {
    "steps": 3000,
    "seeds": [
      0,
      1,
      2
    ],
    "kgrid": [
      2,
      3,
      4,
      5,
      6,
      8,
      10
    ],
    "acc_thr": 0.8,
    "d_sweep": [
      8,
      16
    ],
    "primary_d": 8,
    "eval_n": 512
  },
  "params": {
    "8": {
      "flat": 2116,
      "nest": 2126,
      "oracle": 2116,
      "clamped": 2108
    },
    "16": {
      "flat": 3644,
      "nest": 3662,
      "oracle": 3644
    }
  },
  "acc_by_K": {
    "8": {
      "flat": {
        "2": 0.5768229166666666,
        "3": 0.5106336971124014,
        "4": 0.4423828125,
        "5": 0.3552083373069763,
        "6": 0.2736545304457347,
        "8": 0.22770182291666666,
        "10": 0.24316406746705374
      },
      "nest": {
        "2": 0.5944010416666666,
        "3": 0.5056423644224802,
        "4": 0.4405924479166667,
        "5": 0.37018229564030963,
        "6": 0.3085937599341075,
        "8": 0.23885091145833334,
        "10": 0.2353515625
      },
      "oracle": {
        "2": 0.6028645833333334,
        "3": 0.537109375,
        "4": 0.44775390625,
        "5": 0.3763020833333333,
        "6": 0.3352864682674408,
        "8": 0.2520345052083333,
        "10": 0.14459635814030966
      },
      "clamped": {
        "2": 0.5263671875,
        "3": 0.4140625,
        "4": 0.3626302083333333,
        "5": 0.3239583472410838,
        "6": 0.2972005307674408,
        "8": 0.2528483072916667,
        "10": 0.23007812599341074
      }
    },
    "16": {
      "flat": {
        "2": 0.8453776041666666,
        "3": 0.817491352558136,
        "4": 0.7067057291666666,
        "5": 0.571093757947286,
        "6": 0.4410807490348816,
        "8": 0.295654296875,
        "10": 0.22994791467984518
      },
      "nest": {
        "2": 0.8831380208333334,
        "3": 0.8472222487131754,
        "4": 0.72607421875,
        "5": 0.600781261920929,
        "6": 0.4737413227558136,
        "8": 0.2957356770833333,
        "10": 0.2218099037806193
      },
      "oracle": {
        "2": 0.8564453125,
        "3": 0.869140625,
        "4": 0.8346354166666666,
        "5": 0.7274739940961202,
        "6": 0.6126302282015482,
        "8": 0.4612630208333333,
        "10": 0.38209636012713116
      }
    }
  },
  "kcap": {
    "8": {
      "flat": 0,
      "nest": 0,
      "oracle": 0,
      "clamped": 0
    },
    "16": {
      "flat": 3,
      "nest": 3,
      "oracle": 4
    }
  },
  "mean_acc": {
    "8": {
      "flat": 0.37565259777364274,
      "nest": 0.3848020547912235,
      "oracle": 0.3851353256475359,
      "clamped": 0.3438778867324193
    },
    "16": {
      "flat": 0.5581930577754974,
      "nest": 0.5783575219767434,
      "oracle": 0.6776692796321143
    }
  },
  "transformer": {
    "kcap": 10,
    "mean_acc": 0.9803656737009684,
    "params": 69836
  },
  "wide": {
    "d": 16,
    "mean_acc": 0.5581930577754974,
    "kcap": 3,
    "acc_by_K": {
      "2": 0.8453776041666666,
      "3": 0.817491352558136,
      "4": 0.7067057291666666,
      "5": 0.571093757947286,
      "6": 0.4410807490348816,
      "8": 0.295654296875,
      "10": 0.22994791467984518
    },
    "params": 3644
  },
  "gate": {
    "d": 8,
    "nest_minus_flat": 0.0091,
    "wide_minus_flat": 0.1825,
    "slotting_oracle_minus_flat": 0.0095,
    "capture_frac_of_headroom": 0.0501,
    "headroom_fired": true,
    "kcap": {
      "flat": 0,
      "nest": 0,
      "oracle": 0,
      "wide": 3
    },
    "verdict": "KILL",
    "why": "At D=8, capacity headroom IS available (wide-flat=+0.183 >=0.05) but NEST fails to capture it (nest-flat=+0.009 < 0.02). Explicit nesting does not beat a flat bank's own implicit phase multiplexing -- the flat oscillatory bank is already at the theta-gamma ceiling. Honest negative. Slotting-via-gating diagnostic: +0.009. kcap {'flat': 0, 'nest': 0, 'oracle': 0, 'wide': 3}."
  }
}