{
  "free_rms": 1.3301821947097778,
  "clamped_rms": 1.7161695957183838,
  "clamped_over_free": 1.2901763401612976,
  "fair": false,
  "per_seed": {
    "free": [
      1.3522653579711914,
      1.3080990314483643
    ],
    "clamped": [
      1.659777045249939,
      1.7725621461868286
    ]
  }
}