{
  "config": {
    "steps": 1500,
    "seeds": [
      0,
      1,
      2
    ],
    "L": 192,
    "seg_len": 48,
    "S": 4,
    "periods": [
      3,
      20
    ],
    "kappa_max": 0.1,
    "conv_kw": 7,
    "d_sweep": [
      2,
      4,
      6,
      8,
      12
    ],
    "primary_d": 4
  },
  "params": {
    "2": {
      "static": 1074,
      "rich": 1974,
      "oracle": 1074
    },
    "4": {
      "static": 1384,
      "rich": 3184,
      "oracle": 1384
    },
    "6": {
      "static": 1710,
      "rich": 4410,
      "oracle": 1710
    },
    "8": {
      "static": 2052,
      "rich": 5652,
      "oracle": 2052
    },
    "12": {
      "static": 2784,
      "rich": 8184,
      "oracle": 2784
    }
  },
  "drift": {
    "2": {
      "static": 0.148806631565094,
      "rich": 0.11333326001962025,
      "oracle": 0.1542395055294037
    },
    "4": {
      "static": 0.1975912849108378,
      "rich": 0.15513677895069122,
      "oracle": 0.26580317815144855
    },
    "6": {
      "static": 0.2954854965209961,
      "rich": 0.17235210041205087,
      "oracle": 0.3767957588036855
    },
    "8": {
      "static": 0.35395534833272296,
      "rich": 0.22536971668402353,
      "oracle": 0.5019427339235941
    },
    "12": {
      "static": 0.40502655506134033,
      "rich": 0.2674409548441569,
      "oracle": 0.6419565478960673
    }
  },
  "fixed": {
    "2": {
      "static": 0.14404138922691345,
      "rich": 0.10907120257616043,
      "oracle": 0.1451087941726049
    },
    "4": {
      "static": 0.18769136567910513,
      "rich": 0.14359553158283234,
      "oracle": 0.23797953128814697
    },
    "6": {
      "static": 0.2813968112071355,
      "rich": 0.1620752215385437,
      "oracle": 0.33859050273895264
    },
    "8": {
      "static": 0.33546629548072815,
      "rich": 0.20540940761566162,
      "oracle": 0.443727970123291
    },
    "12": {
      "static": 0.3817262252171834,
      "rich": 0.23789386451244354,
      "oracle": 0.589660108089447
    }
  },
  "gate": {
    "primary_d": 4,
    "rich_minus_static": -0.0425,
    "oracle_minus_static": 0.0682,
    "capture_frac": -0.6224,
    "scarcity_curve_adv_by_D": {
      "2": -0.0355,
      "4": -0.0425,
      "6": -0.1231,
      "8": -0.1286,
      "12": -0.1376
    },
    "advantage_falls_with_D": true,
    "verdict": "ABSTAIN",
    "why": "positive control silent at D=4 (oracle-static=+0.068<0.10)."
  }
}