{
  "config": {
    "steps": 4000,
    "seeds": [
      0,
      1,
      2
    ],
    "pgrid": [
      2,
      3,
      4,
      5,
      6,
      8,
      10,
      12
    ],
    "L": 48,
    "params": {
      "lru_free": 168460,
      "lru_clamped": 168204,
      "transformer": 162012
    }
  },
  "by_arch": {
    "lru_free": {
      "2": 0.9997114936510721,
      "3": 0.998759945233663,
      "4": 0.9989339311917623,
      "5": 0.9983381430308024,
      "6": 0.9971969127655029,
      "8": 0.9968617757161459,
      "10": 0.996227502822876,
      "12": 0.9958089192708334
    },
    "lru_clamped": {
      "2": 0.9736661513646444,
      "3": 0.9166860580444336,
      "4": 0.8485270142555237,
      "5": 0.7812071839968363,
      "6": 0.7127323945363363,
      "8": 0.6483256022135416,
      "10": 0.535778264204661,
      "12": 0.426690012216568
    },
    "transformer": {
      "2": 0.9982725381851196,
      "3": 0.995411733786265,
      "4": 0.9960734049479166,
      "5": 0.9928899606068929,
      "6": 0.9957592089970907,
      "8": 0.9954121907552084,
      "10": 0.9949719111124674,
      "12": 0.9947442213694254
    }
  },
  "resonance_probe": {
    "target_theta_per_period": {
      "2": 3.1416,
      "3": 2.0944,
      "4": 1.5708,
      "5": 1.2566,
      "6": 1.0472,
      "8": 0.7854,
      "10": 0.6283,
      "12": 0.5236
    },
    "free_theta_sorted_byseed": [
      [
        -0.0692,
        0.0109,
        0.0213,
        0.0266,
        0.0291,
        0.0486,
        0.0549,
        0.0581,
        0.0589,
        0.0605,
        0.0726,
        0.0792,
        0.0926,
        0.0967,
        0.0987,
        0.1006,
        0.1023,
        0.1044,
        0.1056,
        0.1105,
        0.1111,
        0.1149,
        0.1151,
        0.1155,
        0.1157,
        0.1188,
        0.1191,
        0.1235,
        0.1258,
        0.1349,
        0.1373,
        0.1412,
        0.1452,
        0.1452,
        0.1495,
        0.1523,
        0.1538,
        0.1644,
        0.1774,
        0.196,
        0.2026,
        0.2068,
        0.216,
        0.2167,
        0.223,
        0.2238,
        0.2344,
        0.2392,
        0.2404,
        0.2409,
        0.2423,
        0.2465,
        0.2465,
        0.2472,
        0.2475,
        0.2495,
        0.2543,
        0.2576,
        0.258,
        0.2612,
        0.2621,
        0.2692,
        0.2702,
        0.2708,
        0.2729,
        0.3018,
        0.3075,
        0.3265,
        0.3349,
        0.3414,
        0.3601,
        0.3666,
        0.3707,
        0.3752,
        0.3796,
        0.3827,
        0.3833,
        0.3918,
        0.3939,
        0.3948,
        0.3958,
        0.4004,
        0.4029,
        0.4098,
        0.4098,
        0.4113,
        0.4116,
        0.4118,
        0.4134,
        0.4256,
        0.4292,
        0.4307,
        0.4309,
        0.4339,
        0.4346,
        0.4376,
        0.4445,
        0.4501,
        0.4519,
        0.4559,
        0.4641,
        0.4957,
        0.519,
        0.5494,
        0.5684,
        0.5694,
        0.5788,
        0.5971,
        0.5996,
        0.6082,
        0.6108,
        0.6109,
        0.6142,
        0.6215,
        0.6604,
        0.6608,
        0.6677,
        0.6763,
        0.6823,
        0.6837,
        0.6844,
        0.6869,
        0.6887,
        0.6979,
        0.7035,
        0.7046,
        0.7079,
        0.7123,
        0.7175,
        0.7188,
        0.7203,
        0.731,
        0.7389,
        0.7421,
        0.7438,
        0.7544,
        0.7777,
        0.7924,
        0.7949,
        0.8762,
        0.8792,
        0.8829,
        0.8833,
        0.8904,
        0.9028,
        0.9049,
        0.9141,
        0.9153,
        0.921,
        0.9251,
        0.9261,
        0.9264,
        0.9274,
        0.9351,
        0.9359,
        0.9366,
        0.9371,
        0.9397,
        0.9503,
        0.959,
        0.9599,
        0.9605,
        0.9655,
        0.9667,
        0.9681,
        0.9722,
        0.9806,
        0.9847,
        0.9936,
        1.0151,
        1.0158,
        1.0186,
        1.0283,
        1.0341,
        1.0612,
        1.066,
        1.1103,
        1.1133,
        1.1254,
        1.1261,
        1.1277,
        1.141,
        1.1466,
        1.1472,
        1.1477,
        1.1591,
        1.1592,
        1.1592,
        1.1597,
        1.1609,
        1.1609,
        1.1626,
        1.1629,
        1.1642,
        1.167,
        1.1687,
        1.1711,
        1.1749,
        1.1885,
        1.1946,
        1.1993,
        1.2447,
        1.2599,
        1.261,
        1.3018,
        1.3094,
        1.3096,
        1.3155,
        1.3225,
        1.3227,
        1.3234,
        1.3259,
        1.3331,
        1.3378,
        1.3486,
        1.3578,
        1.3694,
        1.3842,
        1.3846,
        1.3889,
        1.3985,
        1.3996,
        1.4063,
        1.4085,
        1.4093,
        1.4118,
        1.4151,
        1.4232,
        1.4267,
        1.4313,
        1.439,
        1.44,
        1.4473,
        1.4493,
        1.4501,
        1.4509,
        1.4517,
        1.4604,
        1.4622,
        1.4717,
        1.4755,
        1.4762,
        1.4827,
        1.4998,
        1.508,
        1.5199,
        1.522,
        1.5785,
        1.6711,
        1.7059,
        1.7106,
        1.7133,
        1.7174,
        1.721,
        1.7322,
        1.7347
      ],
      [
        -0.0258,
        -0.01,
        -0.0017,
        0.0003,
        0.0043,
        0.0091,
        0.0236,
        0.0362,
        0.0592,
        0.0972,
        0.0972,
        0.1045,
        0.1067,
        0.1068,
        0.1119,
        0.1166,
        0.1215,
        0.122,
        0.1233,
        0.1283,
        0.1285,
        0.1287,
        0.1315,
        0.1325,
        0.134,
        0.134,
        0.1365,
        0.1566,
        0.1599,
        0.1644,
        0.1938,
        0.2011,
        0.2012,
        0.2087,
        0.2114,
        0.214,
        0.2145,
        0.2193,
        0.2292,
        0.2377,
        0.2395,
        0.2397,
        0.2419,
        0.2471,
        0.2471,
        0.2486,
        0.2498,
        0.2521,
        0.2527,
        0.2535,
        0.2603,
        0.268,
        0.2791,
        0.2825,
        0.3004,
        0.3016,
        0.3115,
        0.3119,
        0.315,
        0.321,
        0.3233,
        0.3268,
        0.3317,
        0.3381,
        0.3546,
        0.3581,
        0.3647,
        0.3819,
        0.3838,
        0.3883,
        0.3989,
        0.4024,
        0.4072,
        0.4103,
        0.4117,
        0.4142,
        0.4176,
        0.4201,
        0.4202,
        0.422,
        0.422,
        0.4242,
        0.432,
        0.4353,
        0.4375,
        0.4408,
        0.4577,
        0.4833,
        0.4839,
        0.5266,
        0.5322,
        0.5338,
        0.538,
        0.5472,
        0.557,
        0.5648,
        0.5931,
        0.6068,
        0.6101,
        0.6111,
        0.6355,
        0.6448,
        0.6492,
        0.6613,
        0.6629,
        0.6673,
        0.6738,
        0.6758,
        0.6852,
        0.6887,
        0.6979,
        0.7056,
        0.7066,
        0.7105,
        0.7136,
        0.7237,
        0.7251,
        0.7297,
        0.735,
        0.7457,
        0.7462,
        0.7481,
        0.7489,
        0.7554,
        0.7646,
        0.8087,
        0.8163,
        0.8261,
        0.8367,
        0.8622,
        0.8757,
        0.8777,
        0.8813,
        0.8863,
        0.8872,
        0.8891,
        0.8919,
        0.892,
        0.9053,
        0.9081,
        0.9096,
        0.9109,
        0.9141,
        0.9147,
        0.915,
        0.9219,
        0.9225,
        0.9246,
        0.9284,
        0.929,
        0.9305,
        0.9306,
        0.9339,
        0.9355,
        0.936,
        0.9367,
        0.937,
