{
  "config": {
    "D": 256,
    "V": 12,
    "steps": 4000,
    "seeds": [
      0,
      1,
      2
    ],
    "kgrid": [
      1,
      2,
      3,
      4,
      6,
      8,
      10,
      12,
      15,
      18,
      20
    ],
    "acc_thr": 0.8
  },
  "free": {
    "0": {
      "acc": {
        "1": 1.0,
        "2": 0.9966,
        "3": 0.9919,
        "4": 0.968,
        "6": 0.8965,
        "8": 0.6915,
        "10": 0.6332,
        "12": 0.5675,
        "15": 0.3183,
        "18": 0.5158,
        "20": 0.2449
      },
      "kcap": 6,
      "osc_use": 0.5828
    },
    "1": {
      "acc": {
        "1": 1.0,
        "2": 1.0,
        "3": 0.9945,
        "4": 0.9756,
        "6": 0.8791,
        "8": 0.769,
        "10": 0.6111,
        "12": 0.5343,
        "15": 0.6037,
        "18": 0.3833,
        "20": 0.4019
      },
      "kcap": 6,
      "osc_use": 0.6429
    },
    "2": {
      "acc": {
        "1": 1.0,
        "2": 0.9673,
        "3": 0.9769,
        "4": 0.9783,
        "6": 0.911,
        "8": 0.7216,
        "10": 0.6612,
        "12": 0.676,
        "15": 0.4954,
        "18": 0.5153,
        "20": 0.3452
      },
      "kcap": 6,
      "osc_use": 0.6304
    }
  },
  "clamped": {
    "0": {
      "acc": {
        "1": 1.0,
        "2": 0.9756,
        "3": 0.8564,
        "4": 0.7437,
        "6": 0.6025,
        "8": 0.4353,
        "10": 0.3588,
        "12": 0.2922,
        "15": 0.2479,
        "18": 0.2161,
        "20": 0.1997
      },
      "kcap": 3,
      "osc_use": 0.0
    },
    "1": {
      "acc": {
        "1": 1.0,
        "2": 0.9385,
        "3": 0.8249,
        "4": 0.7092,
        "6": 0.5653,
        "8": 0.4501,
        "10": 0.3883,
        "12": 0.3294,
        "15": 0.2691,
        "18": 0.235,
        "20": 0.2118
      },
      "kcap": 3,
      "osc_use": 0.0
    },
    "2": {
      "acc": {
        "1": 1.0,
        "2": 0.9614,
        "3": 0.7878,
        "4": 0.7161,
        "6": 0.6144,
        "8": 0.504,
        "10": 0.4077,
        "12": 0.3335,
        "15": 0.2676,
        "18": 0.224,
        "20": 0.2023
      },
      "kcap": 2,
      "osc_use": 0.0
    }
  },
  "gate": {
    "kcap_free": 6.0,
    "kcap_clamped": 2.6666666666666665,
    "gap": 3.3333333333333335,
    "osc_use_free": 0.6187,
    "mean_acc_free": {
      "1": 1.0,
      "2": 0.988,
      "3": 0.9878,
      "4": 0.974,
      "6": 0.8955,
      "8": 0.7274,
      "10": 0.6352,
      "12": 0.5926,
      "15": 0.4725,
      "18": 0.4715,
      "20": 0.3307
    },
    "mean_acc_clamped": {
      "1": 1.0,
      "2": 0.9585,
      "3": 0.823,
      "4": 0.723,
      "6": 0.5941,
      "8": 0.4631,
      "10": 0.3849,
      "12": 0.3184,
      "15": 0.2615,
      "18": 0.225,
      "20": 0.2046
    },
    "reading": "ADVANTAGE \u2014 oscillation helps (capacity gap 3.3 items) but is not strictly necessary."
  }
}