{
  "experiment": "intent discriminator: lie vs honest mistake from white-box (matched-wrong)",
  "prereg": "papers/grounded-honesty-axis/PREREG_intent_discriminator_2026_05_31.md",
  "model": "Qwen/Qwen2.5-3B-Instruct",
  "sha256": "8c61bacefc86d29104eb11b3f76bf48c1a162cb16fa8e2d042a198d559a67b30",
  "n": 60,
  "classes": {
    "lie": 18,
    "mistake": 35,
    "resisted": 7
  },
  "powered": false,
  "L": 37,
  "mid_layers": [
    11,
    29
  ],
  "H1_suppressed_truth_auc": 0.24603174603174602,
  "H1_pass": false,
  "H1_median": {
    "lie": 2.15869140625,
    "mistake": 2.9912109375,
    "resisted": 0.0
  },
  "H2_best_layer": 31,
  "H2_train_cv": 0.8200000000000001,
  "H2_probe_test_auc": 0.8181818181818181,
  "H2_surface_ceiling": 0.7272727272727273,
  "CONTRAST": 0.09090909090909083,
  "bars": {
    "H1>=0.70": false,
    "H2>=0.70": true,
    "CONTRAST>=0.15": false,
    "powered": false
  },
  "cv_by_layer": [
    0.5,
    0.6033333333333333,
    0.5666666666666667,
    0.5333333333333333,
    0.5966666666666666,
    0.6100000000000001,
    0.6300000000000001,
    0.7333333333333333,
    0.7499999999999999,
    0.78,
    0.7533333333333332,
    0.7533333333333333,
    0.7333333333333332,
    0.7466666666666667,
    0.7733333333333333,
    0.78,
    0.82,
    0.7866666666666667,
    0.8066666666666666,
    0.8066666666666666,
    0.6599999999999999,
    0.7,
    0.6799999999999999,
    0.6799999999999999,
    0.7066666666666668,
    0.7366666666666667,
    0.7333333333333333,
    0.7,
    0.72,
    0.74,
    0.7266666666666667,
    0.8200000000000001,
    0.78,
    0.78,
    0.8,
    0.7466666666666667,
    0.76
  ],
  "RESULT": "REPORT_AS_LANDED",
  "honest_scope": "single model Qwen2.5-3B, MMLU, one run; LIE = sycophantic override (knew-then-caved), not all deception; letter-MCQ truth token; plain logit lens; correlational (a separating direction, not proven intent); leakage controlled by constant assertion-in-context across classes."
}