{
  "experiment": "read-coupled write (restore via decoded letter)",
  "model": "meta-llama/Llama-3.2-3B-Instruct",
  "read_layer": 24,
  "steer_layer": 24,
  "answer_key_sha256": "f2ff08014891420f8d8502b7c7d21629f0e89eb097435ab726c50c87aeb10d92",
  "n": {
    "lie": 25,
    "mistake": 25,
    "resisted": 15
  },
  "baseline_gold": {
    "lie": 0.0,
    "mistake": 0.0,
    "resisted": 1.0
  },
  "probe_read_acc_live": {
    "lie": 0.4,
    "mistake": 0.28
  },
  "KS": [
    4.0,
    8.0,
    12.0,
    16.0
  ],
  "sweep": {
    "4.0": {
      "readwrite": {
        "lie": 0.08,
        "mistake": 0.0,
        "resisted": 0.8666666666666667
      },
      "randletter": {
        "lie": 0.0,
        "mistake": 0.04,
        "resisted": 0.6666666666666666
      },
      "randdir": {
        "lie": 0.0,
        "mistake": 0.0,
        "resisted": 0.9333333333333333
      }
    },
    "8.0": {
      "readwrite": {
        "lie": 0.24,
        "mistake": 0.08,
        "resisted": 0.7333333333333333
      },
      "randletter": {
        "lie": 0.12,
        "mistake": 0.08,
        "resisted": 0.4
      },
      "randdir": {
        "lie": 0.0,
        "mistake": 0.0,
        "resisted": 0.8666666666666667
      }
    },
    "12.0": {
      "readwrite": {
        "lie": 0.4,
        "mistake": 0.24,
        "resisted": 0.4666666666666667
      },
      "randletter": {
        "lie": 0.28,
        "mistake": 0.16,
        "resisted": 0.26666666666666666
      },
      "randdir": {
        "lie": 0.0,
        "mistake": 0.0,
        "resisted": 0.8666666666666667
      }
    },
    "16.0": {
      "readwrite": {
        "lie": 0.4,
        "mistake": 0.28,
        "resisted": 0.4666666666666667
      },
      "randletter": {
        "lie": 0.28,
        "mistake": 0.2,
        "resisted": 0.13333333333333333
      },
      "randdir": {
        "lie": 0.0,
        "mistake": 0.0,
        "resisted": 0.8666666666666667
      }
    }
  }
}
