{
  "experiment": "residual-stream probe for confident factual confabulation",
  "prereg": "papers/grounded-honesty-axis/PREREG_residual_confab_probe_2026_05_31.md",
  "model": "Qwen/Qwen2.5-3B-Instruct",
  "probe_sha256": "f31c0932d560c39d7c5e7f43436b5d77250836c0960fb5fc3cc6cc37af73f501",
  "N": 700,
  "median_entropy": 0.9747584462165833,
  "confident_n": 350,
  "confident_wrong": 139,
  "confident_right": 211,
  "powered": true,
  "best_layer": 34,
  "n_layers": 37,
  "train_cv_auc": 0.7503871748336357,
  "n_test": 105,
  "PROBE_test_auc": 0.7392290249433107,
  "surface_entropy_auc": 0.6625094482237339,
  "surface_negmargin_auc": 0.6247165532879819,
  "surface_auc": 0.6625094482237339,
  "CONTRAST": 0.07671957671957674,
  "bars": {
    "PROBE>=0.70": true,
    "CONTRAST>=0.20": false,
    "powered": true
  },
  "cv_by_layer": [
    0.5,
    0.5288384754990926,
    0.5455777374470658,
    0.5489292196007259,
    0.5157713248638839,
    0.5298366606170599,
    0.5573018753781004,
    0.5374652147610405,
    0.5559044162129463,
    0.573599516031458,
    0.557719298245614,
    0.5810163339382941,
    0.5652692075015124,
    0.5941984271022382,
    0.6060012099213551,
    0.6176164549304296,
    0.617622504537205,
    0.6101330913490622,
    0.6118148820326679,
    0.5652692075015124,
    0.6013672111312764,
    0.6306775559588627,
    0.66664851784634,
    0.6812280701754385,
    0.7162976406533575,
    0.6507199032062916,
    0.614258923169994,
    0.6935753176043558,
    0.6804900181488204,
    0.6952208106473078,
    0.6850453720508167,
    0.6876890502117362,
    0.7167574107683,
    0.7251663641863278,
    0.7503871748336357,
    0.7482335148215365,
    0.7180762250453719
  ],
  "RESULT": "REPORT_AS_LANDED",
  "honest_scope": "single model (Qwen2.5-3B), TriviaQA, linear probe + first-token commitment position, one run; held-out test corrects layer selection; SURVIVED means a linear direction separates confident-wrong from confident-right, NOT that the model 'knows' it fabricates (representation, never mind); probe may read familiarity/topic \u2014 disclosed; label noise from exact-match aliasing."
}