{
  "experiment": "causal steering of the cave-direction",
  "prereg": "papers/grounded-honesty-axis/PREREG_intent_steering_2026_05_31.md",
  "model": "Qwen/Qwen2.5-3B-Instruct",
  "layer": 36,
  "n": 120,
  "ks": [
    -4,
    -2,
    -1,
    0,
    1,
    2,
    4
  ],
  "cave_acc": [
    0.3416666666666667,
    0.35833333333333334,
    0.375,
    0.36666666666666664,
    0.35833333333333334,
    0.35833333333333334,
    0.3333333333333333
  ],
  "rand_acc": [
    0.375,
    0.375,
    0.375,
    0.36666666666666664,
    0.35,
    0.35833333333333334,
    0.35833333333333334
  ],
  "baseline": 0.36666666666666664,
  "recovery": 0.00833333333333336,
  "cave_swing": 0.041666666666666685,
  "rand_swing": 0.025000000000000022,
  "specificity": 1.6666666000000019,
  "monotone": false,
  "RESULT_causal": false,
  "honest_scope": "late-layer (probe-layer) steering, single model, commit-position only; recovery is toward the model's own prior answer; correlational geometry made causal within this manipulation."
}