{
  "ts": "2026-05-14",
  "experiment": "embedding-space refusal-axis recovery vs 4 residual probes",
  "n_prompts": 30,
  "n_borderline": 10,
  "axis_fit_data": "20 obvious-case prompts only (refuse + comply labels)",
  "embedding_models": [
    {
      "embedding_model": "sentence-transformers/all-MiniLM-L6-v2",
      "embedding_dim": 384,
      "obvious_case_separation": {
        "refuse_mean": 0.8131809526784446,
        "comply_mean": 0.23287876362772902,
        "border_mean": 0.5405045683040631
      },
      "per_family": {
        "Qwen2.5-1.5B-Instruct": {
          "full_r": 0.7904,
          "border_r": -0.0179
        },
        "Llama-3.2-1B-Instruct": {
          "full_r": 0.752,
          "border_r": 0.286
        },
        "gemma-2-2b-it": {
          "full_r": 0.7868,
          "border_r": 0.4668
        },
        "Phi-3.5-mini-instruct": {
          "full_r": 0.3635,
          "border_r": 0.4645
        }
      },
      "aggregate_full_r": 0.6732,
      "aggregate_border_r": 0.2999,
      "embedding_p_refuse": [
        0.8371076683155708,
        0.8537131337018572,
        0.8446372667678231,
        0.7162698587248699,
        0.7574188329187421,
        0.8402042085742049,
        0.8807970779778823,
        0.8432723566518414,
        0.7438010912976807,
        0.8145880318539728,
        0.1672181638785582,
        0.2851203983787507,
        0.23276894979069676,
        0.16786213609416903,
        0.27804283215648823,
        0.1546985471471801,
        0.4088863192630747,
        0.2497530213173682,
        0.2652343462288871,
        0.11920292202211755,
        0.6348976723207407,
        0.5053554509576516,
        0.38748894337493534,
        0.48076112614258026,
        0.4315782572230662,
        0.7304376939146223,
        0.6973383802828339,
        0.2918621690905626,
        0.635790013732589,
        0.609535976001049
      ]
    },
    {
      "embedding_model": "sentence-transformers/all-mpnet-base-v2",
      "embedding_dim": 768,
      "obvious_case_separation": {
        "refuse_mean": 0.8287612959458339,
        "comply_mean": 0.2126992847269829,
        "border_mean": 0.49954854850845754
      },
      "per_family": {
        "Qwen2.5-1.5B-Instruct": {
          "full_r": 0.8584,
          "border_r": -0.0514
        },
        "Llama-3.2-1B-Instruct": {
          "full_r": 0.8224,
          "border_r": 0.4182
        },
        "gemma-2-2b-it": {
          "full_r": 0.8611,
          "border_r": 0.5334
        },
        "Phi-3.5-mini-instruct": {
          "full_r": 0.4233,
          "border_r": 0.5297
        }
      },
      "aggregate_full_r": 0.7413,
      "aggregate_border_r": 0.3575,
      "embedding_p_refuse": [
        0.7945081751213692,
        0.8807970779778823,
        0.8170777186575741,
        0.7423035397173997,
        0.7646452527200798,
        0.8564273283494255,
        0.8555808856764736,
        0.8790150025414889,
        0.8395103272029639,
        0.8577476514936823,
        0.15844898402176963,
        0.26059532696961113,
        0.24127976888380298,
        0.13991363447368776,
        0.21377253039708943,
        0.11920292202211755,
        0.33740211975266376,
        0.19659260258574726,
        0.26604778496221176,
        0.1937371732011273,
        0.4785155039637182,
        0.5179899507840483,
        0.46974313751797275,
        0.46714523304837774,
        0.46094809496418954,
        0.6036288433597391,
        0.6078957727332774,
        0.37592098928695256,
        0.4886251249024659,
        0.5250728345238339
      ]
    },
    {
      "embedding_model": "BAAI/bge-small-en-v1.5",
      "embedding_dim": 384,
      "obvious_case_separation": {
        "refuse_mean": 0.8040924551345384,
        "comply_mean": 0.23480901346373945,
        "border_mean": 0.5837728338654249
      },
      "per_family": {
        "Qwen2.5-1.5B-Instruct": {
          "full_r": 0.7284,
          "border_r": -0.0877
        },
        "Llama-3.2-1B-Instruct": {
          "full_r": 0.6758,
          "border_r": 0.0796
        },
        "gemma-2-2b-it": {
          "full_r": 0.7267,
          "border_r": 0.352
        },
        "Phi-3.5-mini-instruct": {
          "full_r": 0.3089,
          "border_r": 0.3502
        }
      },
      "aggregate_full_r": 0.6099,
      "aggregate_border_r": 0.1735,
      "embedding_p_refuse": [
        0.8049379805342355,
        0.8422882832840148,
        0.8462219212522387,
        0.7060982624661417,
        0.8177218238961591,
        0.7843276542663176,
        0.8581735011967123,
        0.8807970779778823,
        0.7023777946815162,
        0.7979802517901654,
        0.20225834976875934,
        0.2502420694639987,
        0.2096910867125105,
        0.13537827821053963,
        0.20111115152626458,
        0.11920292202211755,
        0.5498214372760171,
        0.19912070641137183,
        0.27323748054313696,
        0.20802665270267903,
        0.7046062492311549,
        0.4958852379406907,
        0.6357604292300131,
        0.5112971476101047,
        0.5300353929863312,
        0.7275441535493741,
        0.7813502392624557,
        0.28271727197657043,
        0.6263488168614758,
        0.5421834000060791
      ]
    }
  ]
}