{
  "n": 100,
  "entity_verify": true,
  "auc": 0.8839,
  "right_mean_risk": 0.7934327688583666,
  "halluc_mean_risk": 0.864078615713995,
  "actions_by_label": {
    "0": {
      "retry": 82,
      "halt": 17,
      "annotate": 1
    },
    "1": {
      "halt": 85,
      "retry": 15
    }
  }
}