{
  "kind": "bge_smoke",
  "purpose": "\u00a77 pilot questions 1+2 \u2014 methodology validation only",
  "evidentiary": false,
  "oai_per_conv_daa": [
    0.8998494739731404,
    0.7924869716940729,
    0.7103588629848072,
    0.8794861270757652,
    0.7555542885302652
  ],
  "bge_per_conv_daa": [
    0.889572379275205,
    0.6945978314248074,
    0.7094473319714842,
    0.868411010034481,
    0.7702221756327444
  ],
  "oai_median": 0.7924869716940729,
  "bge_median": 0.7702221756327444,
  "spearman_rho": 0.6999999999999998
}