{
  "schema_version": "0.1.0",
  "name": "atlas_v0.3",
  "description": "Cross-architecture cognitive state centroids for styxx tier 0. Built from Fathom atlas v0.3 captures on 12 open-weight models across 3 architecture families (Gemma, Llama, Qwen), base and instruct variants. Feature vector: (mean, std, min, max) per signal in [entropy, logprob, top2_margin] over tokens [0, t) for each of four phase windows.",
  "categories": [
    "retrieval",
    "reasoning",
    "refusal",
    "creative",
    "adversarial",
    "hallucination"
  ],
  "tier0_signals": [
    "entropy",
    "logprob",
    "top2_margin"
  ],
  "phase_token_cutoffs": {
    "phase1_preflight": 1,
    "phase2_early": 5,
    "phase3_mid": 15,
    "phase4_late": 25
  },
  "feature_vector_layout": [
    "mean_entropy",
    "std_entropy",
    "min_entropy",
    "max_entropy",
    "mean_logprob",
    "std_logprob",
    "min_logprob",
    "max_logprob",
    "mean_top2_margin",
    "std_top2_margin",
    "min_top2_margin",
    "max_top2_margin"
  ],
  "models": [
    "Qwen/Qwen2.5-1.5B",
    "Qwen/Qwen2.5-1.5B-Instruct",
    "Qwen/Qwen2.5-3B",
    "Qwen/Qwen2.5-3B-Instruct",
    "google/gemma-2-2b",
    "google/gemma-2-2b-it",
    "google/gemma-3-1b-it",
    "google/gemma-3-1b-pt",
    "meta-llama/Llama-3.2-1B",
    "meta-llama/Llama-3.2-1B-Instruct",
    "meta-llama/Llama-3.2-3B",
    "meta-llama/Llama-3.2-3B-Instruct"
  ],
  "n_models": 12,
  "phases": {
    "phase1_preflight": {
      "mu": [
        2.633492097503606,
        0.0,
        2.633492097503606,
        2.633492097503606,
        -1.016495793341395,
        0.0,
        -1.016495793341395,
        -1.016495793341395,
        0.3310571576796334,
        0.0,
        0.3310571576796334,
        0.3310571576796334
      ],
      "sigma": [
        1.5595140054445042,
        1.0,
        1.5595140054445042,
        1.5595140054445042,
        0.708728545651613,
        1.0,
        0.708728545651613,
        0.708728545651613,
        0.312252122036713,
        1.0,
        0.312252122036713,
        0.312252122036713
      ],
      "centroids": {
        "retrieval": [
          -0.4758201986959467,
          0.0,
          -0.4758201986959467,
          -0.4758201986959467,
          0.43155017011715274,
          0.0,
          0.43155017011715274,
          0.43155017011715274,
          0.33982182264346306,
          0.0,
          0.33982182264346306,
          0.33982182264346306
        ],
        "reasoning": [
          -0.3989552795930178,
          0.0,
          -0.3989552795930178,
          -0.3989552795930178,
          0.30383131331700475,
          0.0,
          0.30383131331700475,
          0.30383131331700475,
          0.1949243941902023,
          0.0,
          0.1949243941902023,
          0.1949243941902023
        ],
        "refusal": [
          0.2773057571553348,
          0.0,
          0.2773057571553348,
          0.2773057571553348,
          -0.3742851883100508,
          0.0,
          -0.3742851883100508,
          -0.3742851883100508,
          -0.3499713006349414,
          0.0,
          -0.3499713006349414,
          -0.3499713006349414
        ],
        "creative": [
          0.5333215015113992,
          0.0,
          0.5333215015113992,
          0.5333215015113992,
          -0.4566979775797717,
          0.0,
          -0.4566979775797717,
          -0.4566979775797717,
          -0.2846081944381845,
          0.0,
          -0.2846081944381845,
          -0.2846081944381845
        ],
        "adversarial": [
          -0.6158126486815338,
          0.0,
          -0.6158126486815338,
          -0.6158126486815338,
          0.513437747398855,
          0.0,
          0.513437747398855,
          0.513437747398855,
          0.3268704133675543,
          0.0,
          0.3268704133675543,
          0.3268704133675543
        ],
        "hallucination": [
          0.6799608683037636,
          0.0,
          0.6799608683037636,
          0.6799608683037636,
          -0.41783606494319064,
          0.0,
          -0.41783606494319064,
          -0.41783606494319064,
          -0.22703713512809354,
          0.0,
          -0.22703713512809354,
          -0.22703713512809354
        ]
      },
      "n_by_category": {
        "retrieval": 180,
        "reasoning": 180,
        "refusal": 180,
        "creative": 180,
        "adversarial": 180,
        "hallucination": 180
      },
      "n_features": 12,
      "n_samples_total": 1080
    },
    "phase2_early": {
      "mu": [
        2.2681666965530116,
        1.2415607727894795,
        0.7990044180916883,
        3.8088095131364685,
        -0.9209322166235907,
        0.6249866651070803,
        -1.7451729623436998,
        -0.23525644477487165,
        0.3903517315866153,
        0.2976869124613048,
        0.08182241485057468,
        0.7747119604782374
      ],
      "sigma": [
        1.1503605828936254,
        0.5357987879490463,
        0.9510111198761008,
        1.4707916332963449,
        0.4927500371933053,
        0.28156619329067,
        0.7644447909073318,
        0.3338892794380483,
        0.20520362182892796,
        0.11578470335663588,
        0.1353978347385695,
        0.26288102479483405
      ],
      "centroids": {
        "retrieval": [
          -0.4630159569417833,
          -0.356665556675127,
          -0.34661140912186744,
          -0.5367171576587005,
          0.4366591571811613,
          -0.4548421091909237,
          0.5126849698810346,
          0.26096409959877703,
          0.24884776897315625,
          0.07686698904827842,
          0.2314210071112228,
          0.24905347920163196
        ],
        "reasoning": [
          -0.5923828288938809,
          -0.38396166650317365,
          -0.35158023590013876,
          -0.5681742653416146,
          0.5874134189255742,
          -0.3368132498210029,
          0.4888923547058227,
          0.365715504019549,
          0.5918203854785272,
          0.1536777056806159,
          0.43595412458148686,
          0.3710011923135762
        ],
        "refusal": [
          0.16309690910620633,
          -0.11711828880087004,
          0.31645554833301964,
          0.11812964539344942,
          -0.1661880246002833,
          -0.07571776392856742,
          -0.06613803070683517,
          -0.2890913085598062,
          -0.18755589678377702,
          -0.20049036471608359,
          -0.13646794817478602,
          -0.28785181093642725
        ],
        "creative": [
          0.6204156552884086,
          0.2332695570440797,
          0.4931164039949439,
          0.5239035158500844,
          -0.5315841617409857,
          0.23035585881286336,
          -0.42506697235571805,
          -0.4720155498683035,
          -0.4234624519848529,
          -0.3426599545684516,
          -0.19563103252047362,
          -0.41441046055335323
        ],
        "adversarial": [
          -0.2570054650205035,
          0.04403678042141291,
          -0.25304347916117964,
          -0.11913513068519403,
          0.2326421697590721,
          -0.025822277685784576,
          0.12936007828853904,
          0.21906926191122292,
          0.11994374048216844,
          0.20687373153904376,
          -0.023677055328468307,
          0.1753618241396747
        ],
        "hallucination": [
          0.5288916864615576,
          0.5804391745136791,
          0.1416631718552219,
          0.581993392441976,
          -0.5589425595245305,
          0.6628395418134096,
          -0.6397323998128419,
          -0.08464200710143892,
          -0.3495935461652312,
          0.10573189301658775,
          -0.31159909566898114,
          -0.09315422416510333
        ]
      },
      "n_by_category": {
        "retrieval": 180,
        "reasoning": 180,
        "refusal": 180,
        "creative": 180,
        "adversarial": 180,
        "hallucination": 180
      },
      "n_features": 12,
      "n_samples_total": 1080
    },