{
  "instruments": [
    "deception",
    "overconfidence",
    "refusal",
    "sycophancy"
  ],
  "n_samples": 1600,
  "evr": [
    0.4624872473289295,
    0.26085734837261704,
    0.149717957205129,
    0.1269374470933245
  ],
  "cumulative_evr": [
    0.4624872473289295,
    0.7233445957015465,
    0.8730625529066756,
    1.0
  ],
  "loadings": [
    [
      0.5312204740809525,
      0.5783904724227387,
      -0.5569976721588421,
      0.2702274274337098
    ],
    [
      -0.4402887656791234,
      0.18926773945796976,
      0.19210613812020846,
      0.8563987139841832
    ],
    [
      -0.3253298209269245,
      -0.5137174211957446,
      -0.7844190649395099,
      0.12223603942812407
    ],
    [
      0.6466151238175747,
      -0.6047616020971118,
      0.19374094937724295,
      0.42263072630101317
    ]
  ],
  "rank95": 4,
  "rank99": 4,
  "means": [
    0.6184906321229984,
    0.42400715124786537,
    0.2293529983442732,
    0.4315146698754827
  ],
  "stds": [
    0.3041544530326707,
    0.2249129977089084,
    0.09244975882359896,
    0.4176514755781659
  ]
}
