{
  "fold_aucs": [
    0.7939187499999999,
    0.7899274305555556,
    0.7962993055555556,
    0.7833020833333333,
    0.7993250000000001
  ],
  "mean_auc": 0.7925545138888889,
  "std_auc": 0.005553973802602992,
  "feature_names": [
    "absolutist_density",
    "cognitive_density",
    "death_phrase_density",
    "first_person_singular_density",
    "hedge_density",
    "hopelessness_phrase_density",
    "lexical_diversity",
    "log_word_count",
    "mean_sentence_length",
    "neg_emotion_density",
    "negation_density",
    "other_reference_density",
    "pos_emotion_density",
    "punctuation_density",
    "question_mark_density",
    "self_vs_other_ratio",
    "sleep_density",
    "somatic_density",
    "starts_with_i"
  ],
  "coefs": [
    0.2906920149664744,
    0.03158599897781141,
    0.646703406416929,
    0.3601029910143808,
    0.04062231399794618,
    0.1046729419791088,
    0.0015434495205798576,
    -0.04503266865311646,
    0.027919151583418466,
    0.6566986682668526,
    0.239988404135605,
    0.15225052447464074,
    0.34717400643559343,
    0.049840134715211724,
    -0.18997679642363852,
    0.05383770428916389,
    0.08951673583248689,
    0.0587503177768358,
    0.08628058956853994
  ],
  "intercept": 0.10714664896656,
  "scaler_mean": [
    0.019469132052177266,
    0.021937117719956413,
    0.003254479205842924,
    0.111803717453549,
    0.004509610938807746,
    0.0008030693980108944,
    0.7204191110830143,
    4.871729425492858,
    20.16551231366958,
    0.013703740827529383,
    0.020130180942151778,
    0.021900026468067626,
    0.00396632729525122,
    0.09355239472152385,
    0.007384610252422808,
    0.8342534399930118,
    0.003555869934645271,
    0.0030587430043423403,
    0.4615
  ],
  "scaler_scale": [
    0.016014194499061808,
    0.01778580655320766,
    0.007462237061483092,
    0.03930148014043764,
    0.006983430507485609,
    0.0031100289014513107,
    0.07084413424348011,
    0.7037484090762927,
    19.25266157343411,
    0.015475788776687108,
    0.017294133275906568,
    0.025834984575446952,
    0.0078142140749451,
    0.04598138173468898,
    0.012498144392345756,
    0.1945867733399533,
    0.009017480549676443,
    0.007484635782712761,
    0.4985155463975303
  ]
}