{
  "methodology": "drift v0 \u2014 22-feature calibrated LR, 5-fold stratified CV, seed=0",
  "n_samples": 3700,
  "n_features": 22,
  "feature_names": [
    "tool_in_prompt",
    "tool_parts_in_prompt",
    "overlap_jaccard",
    "prompt_coverage",
    "arg_verbatim_rate",
    "tool_in_schema",
    "missing_required_frac",
    "spurious_arg_frac",
    "type_mismatch_frac",
    "arg_count_zscore",
    "required_count",
    "placeholder_frac",
    "tool_name_len",
    "tool_in_any_schema",
    "n_available_tools",
    "n_args_called",
    "prompt_len",
    "avg_arg_len",
    "has_nested",
    "has_list",
    "prompt_is_question",
    "prompt_imperative"
  ],
  "fold_aucs": [
    0.9153521232057417,
    0.9108540171451357,
    0.921656947767145,
    0.9115682071723135,
    0.9159929304704246
  ],
  "mean_auc": 0.915084845152152,
  "std_auc": 0.003856299718418875,
  "pooled_auc": 0.9150952021246621,
  "per_source_auc": {
    "irrelevance": null,
    "live_irrelevance": null,
    "live_simple": 0.8687688600279369,
    "simple": 0.8989019279128247
  },
  "per_drift_type_auc": {
    "arg_drop": 0.998224637178295,
    "arg_swap": 0.6506811228084302,
    "irrelevance_called": 0.9612502641288625,
    "spurious_arg": 0.9974420506092886,
    "tool_rename": 0.03495440729483279
  },
  "coefficients": {
    "tool_in_prompt": 0.15288046579293296,
    "tool_parts_in_prompt": -0.4106995745548473,
    "overlap_jaccard": 0.11209030140918291,
    "prompt_coverage": -0.8871393653461203,
    "arg_verbatim_rate": 0.19693808433089208,
    "tool_in_schema": 0.9555458573595519,
    "missing_required_frac": 2.3119103171432616,
    "spurious_arg_frac": 6.0176248457468295,
    "type_mismatch_frac": 0.7877266018386124,
    "arg_count_zscore": -3.504747860285245,
    "required_count": 0.28388323874176413,
    "placeholder_frac": 1.2001385129554822,
    "tool_name_len": 0.004173720468989415,
    "tool_in_any_schema": 0.9555458573595519,
    "n_available_tools": 2.2073483760410686,
    "n_args_called": -0.0880255858678032,
    "prompt_len": -0.41086956549377857,
    "avg_arg_len": 0.24577190491903433,
    "has_nested": -0.19968218288161704,
    "has_list": -0.11770129742819059,
    "prompt_is_question": 0.10273905996625636,
    "prompt_imperative": -0.03880998340570792
  },
  "intercept": 4.506964958071329,
  "scaler_mean": [
    0.012702702702702703,
    0.2968468468468472,
    0.1618817750880219,
    0.2167504662284218,
    0.6681126126126118,
    0.9978378378378379,
    0.12403710853710827,
    0.07683376233376245,
    0.09596632346632325,
    -0.1676964203938158,
    1.8664864864864865,
    0.059144144144144095,
    2.885011784303835,
    0.9978378378378379,
    0.1322027927101501,
    2.8016216216216216,
    4.260441169934567,
    1.8976645346905794,
    0.017297297297297298,
    0.08891891891891891,
    0.3956756756756757,
    0.5927027027027028
  ],
  "scaler_scale": [
    0.11198814243816019,
    0.3566304148840795,
    0.16090821502162084,
    0.2168073642124766,
    0.36582131467348017,
    0.04644875904636084,
    0.2715045380129419,
    0.18653901805185222,
    0.20073987880039543,
    0.6711103876027676,
    1.0261505506113844,
    0.21704856212738852,
    0.4083761970381047,
    0.04644875904636084,
    0.4222151074474782,
    1.2533619945020913,
    0.8135315323052884,
    0.8137202917808367,
    0.13037676481454422,
    0.2846266761517845,
    0.48899533265080986,
    0.4913310583625121
  ],
  "null_best_auc": 0.733,
  "improvement_over_null": 0.18208484515215206
}