{
  "methodology": "drift v1 \u2014 23-feature calibrated LR, 5-fold stratified CV, seed=0",
  "new_feature": "arg_order_inversion \u2014 positional inversion rate of call values in prompt vs schema arg order",
  "n_samples": 3700,
  "n_features": 23,
  "feature_names": [
    "tool_in_prompt",
    "tool_parts_in_prompt",
    "overlap_jaccard",
    "prompt_coverage",
    "arg_verbatim_rate",
    "tool_in_schema",
    "missing_required_frac",
    "spurious_arg_frac",
    "type_mismatch_frac",
    "arg_count_zscore",
    "required_count",
    "arg_order_inversion",
    "placeholder_frac",
    "tool_name_len",
    "tool_in_any_schema",
    "n_available_tools",
    "n_args_called",
    "prompt_len",
    "avg_arg_len",
    "has_nested",
    "has_list",
    "prompt_is_question",
    "prompt_imperative"
  ],
  "fold_aucs": [
    0.9304600279106858,
    0.9434621710526315,
    0.9555796451355663,
    0.9357224332217752,
    0.9497486807305181
  ],
  "mean_auc": 0.9429945916102354,
  "std_auc": 0.009101862417989338,
  "pooled_auc": 0.942542750030475,
  "per_source_auc": {
    "irrelevance": null,
    "live_irrelevance": null,
    "live_simple": 0.9042070524508705,
    "simple": 0.9301550712489521
  },
  "per_drift_type_auc": {
    "arg_drop": 0.9970148459655892,
    "arg_swap": 0.7550134362607943,
    "irrelevance_called": 0.980233679545319,
    "spurious_arg": 0.9968831126837335,
    "tool_rename": 0.37689969604863227
  },
  "coefficients": {
    "tool_in_prompt": 0.16318904380712174,
    "tool_parts_in_prompt": -0.3671068484907075,
    "overlap_jaccard": -0.08992678510270327,
    "prompt_coverage": -0.521194167783707,
    "arg_verbatim_rate": -0.2992578048175232,
    "tool_in_schema": 1.019940407989611,
    "missing_required_frac": 2.739119928132119,
    "spurious_arg_frac": 6.239702806142731,
    "type_mismatch_frac": 0.9514180991151152,
    "arg_count_zscore": -3.449549264930153,
    "required_count": 0.19709146824171936,
    "arg_order_inversion": 1.1538196523835456,
    "placeholder_frac": 1.189813395977675,
    "tool_name_len": -0.0284639791599426,
    "tool_in_any_schema": 1.019940407989611,
    "n_available_tools": 2.1094806336861405,
    "n_args_called": -0.18093006630626482,
    "prompt_len": -0.30722430395780237,
    "avg_arg_len": 0.24502952416122556,
    "has_nested": -0.24795476028797547,
    "has_list": -0.1912828165002461,
    "prompt_is_question": 0.02941171031368848,
    "prompt_imperative": -0.13352819168579713
  },
  "intercept": 4.890103898804141,
  "scaler_mean": [
    0.012702702702702703,
    0.2968468468468472,
    0.1618817750880219,
    0.2167504662284218,
    0.6681126126126118,
    0.9978378378378379,
    0.12403710853710827,
    0.07683376233376245,
    0.09596632346632325,
    -0.1676964203938158,
    1.8664864864864865,
    0.3157207207207207,
    0.059144144144144095,
    2.885011784303835,
    0.9978378378378379,
    0.1322027927101501,
    2.8016216216216216,
    4.260441169934567,
    1.8976645346905794,
    0.017297297297297298,
    0.08891891891891891,
    0.3956756756756757,
    0.5927027027027028
  ],
  "scaler_scale": [
    0.11198814243816019,
    0.3566304148840795,
    0.16090821502162084,
    0.2168073642124766,
    0.36582131467348017,
    0.04644875904636084,
    0.2715045380129419,
    0.18653901805185222,
    0.20073987880039543,
    0.6711103876027676,
    1.0261505506113844,
    0.44033340058003123,
    0.21704856212738852,
    0.4083761970381047,
    0.04644875904636084,
    0.4222151074474782,
    1.2533619945020913,
    0.8135315323052884,
    0.8137202917808367,
    0.13037676481454422,
    0.2846266761517845,
    0.48899533265080986,
    0.4913310583625121
  ]
}