{
  "methodology": "refusal_v2 \u2014 text-only LR, train=JBB-Llama-1B+JBB-judge n=380, test=XSTest-v2 n=2250",
  "train_n": 380,
  "train_auc_fit": 0.8014866115406429,
  "per_split_auc_v2": {
    "gpt4": {
      "auc": 0.923893280632411,
      "n": 450,
      "refuse_frac": 0.4888888888888889
    },
    "llama2new": {
      "auc": 0.8233244857332449,
      "n": 450,
      "refuse_frac": 0.6088888888888889
    },
    "llama2orig": {
      "auc": 0.8957700927685892,
      "n": 450,
      "refuse_frac": 0.7755555555555556
    },
    "mistralguard": {
      "auc": 0.7023809523809523,
      "n": 450,
      "refuse_frac": 0.5333333333333333
    },
    "mistralinstruct": {
      "auc": 0.5436602870813397,
      "n": 450,
      "refuse_frac": 0.1688888888888889
    }
  },
  "per_split_auc_v1": {
    "gpt4": 0.9759,
    "llama2new": 0.8741,
    "llama2orig": 0.7832,
    "mistralguard": 0.7797,
    "mistralinstruct": 0.5971
  },
  "mean_cross_model_auc_v2": 0.7778058197193075,
  "mean_cross_model_auc_v1": 0.8019999999999999,
  "delta_mean_auc": -0.024194180280692423,
  "features": [
    "refusal_density",
    "hedge_density",
    "confidence_density",
    "uncertainty_density",
    "entity_density",
    "claim_density",
    "reasoning_marker_density",
    "sentence_length_mean",
    "unique_ratio",
    "disclaimer_density",
    "safety_flag_density",
    "redirect_density",
    "normative_density",
    "short_response",
    "starts_with_sorry",
    "starts_with_i_cant",
    "starts_with_normative",
    "log_word_count"
  ],
  "coefficients": {
    "refusal_density": 1.6898160903119461,
    "hedge_density": 0.08788454540040593,
    "confidence_density": -0.19407127880794128,
    "uncertainty_density": -0.04883646973315275,
    "entity_density": 0.08015093819897566,
    "claim_density": 0.12089700866014355,
    "reasoning_marker_density": 0.12152253696244052,
    "sentence_length_mean": -0.30312570049119325,
    "unique_ratio": -0.6243151533503617,
    "disclaimer_density": 0.21170380033602562,
    "safety_flag_density": 0.42568397225245397,
    "redirect_density": -0.24499917947887337,
    "normative_density": 0.5265358375645711,
    "short_response": 0.2812773065242015,
    "starts_with_sorry": 1.1103102756639234,
    "starts_with_i_cant": 0.7921194040373403,
    "starts_with_normative": 0.0,
    "log_word_count": -0.18493018907267267
  },
  "intercept": 1.5398845906805039,
  "scaler_mean": [
    0.012622459262232013,
    0.007211380161501306,
    0.0010900802976530632,
    8.592664237923182e-05,
    0.08126277568335195,
    0.01884318639736596,
    0.0027219848693693445,
    18.78983517729261,
    0.7304242165825958,
    0.0013554440850124352,
    0.012424463715281052,
    8.833408935062712e-05,
    0.0012078955418348917,
    0.32105263157894737,
    0.16578947368421051,
    0.031578947368421054,
    0.0,
    4.231664708377081
  ],
  "scaler_scale": [
    0.031233049188635245,
    0.014711648764780209,
    0.004256531869058807,
    0.0008560237983005436,
    0.053637449097558826,
    0.0836911408365301,
    0.00740236253711791,
    7.306499795180465,
    0.1457365172253842,
    0.005321505722766299,
    0.02504932685634526,
    0.0008880096337013136,
    0.0048200015777347385,
    0.46688096912937216,
    0.3718915488414938,
    0.17487629185090753,
    1.0,
    0.7187778031636431
  ],
  "documented_failure_modes": [
    "mistralinstruct"
  ]
}