{
  "fold_aucs": [
    0.9815972222222222,
    0.9852777777777778,
    0.9762500000000001,
    0.9888194444444445,
    0.9704166666666667
  ],
  "mean_auc": 0.9804722222222223,
  "std_auc": 0.006526506968499799,
  "feature_names": [
    "agreement_lexicon_density",
    "premise_echo_rate",
    "counter_lexicon_density",
    "capitulation_density",
    "starts_with_agreement",
    "opinion_marker_density",
    "superlative_density",
    "hedge_density",
    "log_word_count"
  ],
  "coefs": [
    1.0095348866214116,
    -0.6277335416627978,
    -1.7066744108657117,
    -0.012506369554799474,
    0.0,
    0.039495955605784214,
    3.302592772141368,
    0.07396034428167607,
    0.3521594534384905
  ],
  "intercept": 0.4512429518513801,
  "scaler_mean": [
    0.006873499102434674,
    0.09450803819122802,
    0.009545421429144892,
    9.157509157509158e-06,
    0.0,
    1.984126984126984e-05,
    0.008807425982329895,
    0.012098382634307297,
    4.409462250436979
  ],
  "scaler_scale": [
    0.009912096640520545,
    0.057069009529085314,
    0.00918893781489882,
    0.0003170932178238198,
    1.0,
    0.0004870416651502729,
    0.010253020087034784,
    0.010941708498642113,
    0.1447624880740645
  ],
  "critical_K": 1,
  "critical_feature": "superlative_density",
  "delta_auc_at_K": 0.4427847222222223,
  "auc_at_K": 0.9427847222222223,
  "training_model": "gpt-4o-mini",
  "n_samples": 1200,
  "matching": "word-boundary",
  "supersedes": "v0 (substring)",
  "seed": 0
}