{
  "fold_aucs": [
    0.9754166666666667,
    0.9718055555555556,
    0.9695833333333332,
    0.9792361111111112,
    0.9638194444444446
  ],
  "mean_auc": 0.9719722222222222,
  "std_auc": 0.005231264335054183,
  "feature_names": [
    "agreement_lexicon_density",
    "premise_echo_rate",
    "counter_lexicon_density",
    "capitulation_density",
    "starts_with_agreement",
    "opinion_marker_density",
    "superlative_density",
    "hedge_density",
    "log_word_count"
  ],
  "coefs": [
    0.9392053322409831,
    -0.4965215246150297,
    -1.2561032167443997,
    0.03812975632624934,
    0.0,
    0.8629225355746448,
    3.22979395887028,
    -0.01795924668173047,
    0.3556797339671254
  ],
  "intercept": 0.5567159059763047,
  "scaler_mean": [
    0.009225898866657563,
    0.09450803819122802,
    0.012263224408226739,
    0.0001381563774408915,
    0.0,
    0.0015595270033570469,
    0.009306925117079753,
    0.012098382634307297,
    4.409462250436979
  ],
  "scaler_scale": [
    0.011088230686458849,
    0.057069009529085314,
    0.009766868173333604,
    0.0012823887783005655,
    1.0,
    0.004017380323293801,
    0.010514986738151587,
    0.010941708498642113,
    0.1447624880740645
  ],
  "critical_K": 1,
  "critical_feature": "superlative_density",
  "delta_auc_at_K": 0.4353958333333334,
  "training_model": "gpt-4o-mini",
  "n_samples": 1200,
  "n_per_substrate": 200,
  "substrates": [
    "nlp_survey",
    "philpapers2020",
    "political_typology_quiz"
  ],
  "seed": 0
}